Table 510-60001 : Consumer Price Indices (October 2019 – September 2020 = 100),,,,,,,,,,,,,
 ,,,,,,,,,,,,,
 , ,Composite Consumer Price Index,Composite Consumer Price Index,Composite Consumer Price Index,Consumer Price Index (A),Consumer Price Index (A),Consumer Price Index (A),Consumer Price Index (B),Consumer Price Index (B),Consumer Price Index (B),Consumer Price Index (C),Consumer Price Index (C),Consumer Price Index (C)
,,Index,Year-on-year % change,Month-to-month % change,Index,Year-on-year % change,Month-to-month % change,Index,Year-on-year % change,Month-to-month % change,Index,Year-on-year % change,Month-to-month % change
Year,Month,,,,,,,,,,,,
1975,,N.A.,N.A.,N.A.,12.7,N.A.,N.A.,13.2,N.A.,N.A.,11.9,N.A.,N.A.
1976,,N.A.,N.A.,N.A.,13.1,3.4,N.A.,13.7,4.0,N.A.,12.5,4.4,N.A.
1977,,N.A.,N.A.,N.A.,13.9,5.8,N.A.,14.4,5.5,N.A.,13.1,5.0,N.A.
1978,,N.A.,N.A.,N.A.,14.7,5.9,N.A.,15.3,5.9,N.A.,13.8,5.8,N.A.
1979,,N.A.,N.A.,N.A.,16.4,11.6,N.A.,17.0,11.5,N.A.,15.5,12.4,N.A.
1980,,N.A.,N.A.,N.A.,18.9,15.5,N.A.,19.6,15.1,N.A.,17.9,14.9,N.A.
1981,,21.4,N.A.,N.A.,21.6,15.4,N.A.,22.3,14.8,N.A.,20.2,14.5,N.A.
1982,,23.8,10.9,N.A.,23.9,10.5,N.A.,24.6,10.6,N.A.,22.5,11.7,N.A.
1983,,26.1,10.0,N.A.,26.2,9.9,N.A.,27.1,9.9,N.A.,24.8,10.3,N.A.
1984,,28.4,8.6,N.A.,28.4,8.1,N.A.,29.4,8.5,N.A.,27.1,9.1,N.A.
1985,,29.4,3.5,N.A.,29.3,3.2,N.A.,30.4,3.5,N.A.,28.2,4.0,N.A.
1986,,30.4,3.8,N.A.,30.1,2.8,N.A.,31.4,3.5,N.A.,29.5,5.3,N.A.
1987,,32.1,5.7,N.A.,31.8,5.5,N.A.,33.0,5.3,N.A.,31.4,6.4,N.A.
1988,,34.7,7.8,N.A.,34.2,7.5,N.A.,35.5,7.4,N.A.,34.1,8.7,N.A.
1989,,38.2,10.3,N.A.,37.6,10.1,N.A.,38.9,9.7,N.A.,37.9,11.0,N.A.
1990,,42.1,10.2,N.A.,41.3,9.8,N.A.,42.7,9.7,N.A.,42.1,11.2,N.A.
1991,,46.9,11.6,N.A.,46.1,12.0,N.A.,47.5,11.6,N.A.,46.7,11.1,N.A.
1992,,51.3,9.6,N.A.,50.4,9.4,N.A.,52.1,9.6,N.A.,51.3,9.8,N.A.
1993,,55.9,8.8,N.A.,54.7,8.5,N.A.,56.6,8.7,N.A.,56.1,9.5,N.A.
1994,,60.8,8.8,N.A.,59.1,8.1,N.A.,61.5,8.6,N.A.,61.7,10.0,N.A.
1995,,66.3,9.1,N.A.,64.2,8.7,N.A.,67.1,9.2,N.A.,67.5,9.6,N.A.
1996,,70.5,6.3,N.A.,68.1,6.0,N.A.,71.4,6.4,N.A.,71.9,6.6,N.A.
1997,,74.6,5.8,N.A.,72.0,5.7,N.A.,75.5,5.8,N.A.,76.3,6.1,N.A.
1998,,76.7,2.8,N.A.,73.8,2.6,N.A.,77.6,2.8,N.A.,78.7,3.2,N.A.
1999,,73.6,-4.0,N.A.,71.5,-3.3,N.A.,74.0,-4.7,N.A.,75.8,-3.7,N.A.
2000,,70.9,-3.8,N.A.,69.3,-3.0,N.A.,71.1,-3.9,N.A.,72.4,-4.5,N.A.
2001,,69.8,-1.6,N.A.,68.2,-1.7,N.A.,69.9,-1.6,N.A.,71.3,-1.5,N.A.
2002,,67.6,-3.0,N.A.,66.0,-3.2,N.A.,67.8,-3.1,N.A.,69.3,-2.8,N.A.
2003,,65.9,-2.6,N.A.,64.6,-2.1,N.A.,65.9,-2.7,N.A.,67.3,-2.9,N.A.
2004,,65.6,-0.4,N.A.,64.6,0.0 [φ3],N.A.,65.6,-0.5,N.A.,66.8,-0.9,N.A.
2005,,66.2,1.0,N.A.,65.3,1.1,N.A.,66.3,1.0,N.A.,67.3,0.8,N.A.
2006,,67.6,2.0,N.A.,66.4,1.7,N.A.,67.7,2.1,N.A.,68.8,2.2,N.A.
2007,,68.9,2.0,N.A.,67.2,1.3,N.A.,69.1,2.2,N.A.,70.6,2.7,N.A.
2008,,71.9,4.3,N.A.,69.6,3.6,N.A.,72.3,4.6,N.A.,74.0,4.7,N.A.
2009,,72.3,0.5,N.A.,70.0,0.4,N.A.,72.7,0.5,N.A.,74.4,0.6,N.A.
2010,,74.0,2.4,N.A.,71.8,2.7,N.A.,74.4,2.3,N.A.,76.0,2.1,N.A.
2011,,77.9,5.3,N.A.,75.8,5.6,N.A.,78.2,5.2,N.A.,79.9,5.1,N.A.
2012,,81.1,4.1,N.A.,78.5,3.6,N.A.,81.6,4.3,N.A.,83.2,4.1,N.A.
2013,,84.6,4.3,N.A.,82.5,5.1,N.A.,85.0,4.1,N.A.,86.3,3.8,N.A.
2014,,88.3,4.4,N.A.,87.1,5.6,N.A.,88.5,4.2,N.A.,89.4,3.5,N.A.
2015,,91.0,3.0,N.A.,90.6,4.0,N.A.,91.0,2.9,N.A.,91.2,2.1,N.A.
2016,,93.2,2.4,N.A.,93.2,2.8,N.A.,93.1,2.3,N.A.,93.1,2.1,N.A.
2017,,94.6,1.5,N.A.,94.6,1.5,N.A.,94.4,1.4,N.A.,94.6,1.5,N.A.
2018,,96.8,2.4,N.A.,97.2,2.7,N.A.,96.6,2.3,N.A.,96.7,2.2,N.A.
2019,,99.6,2.9,N.A.,100.5,3.3,N.A.,99.2,2.7,N.A.,99.1,2.6,N.A.
2020,,99.9,0.3,N.A.,99.8,-0.6,N.A.,99.8,0.6,N.A.,99.9,0.8,N.A.
2021,,101.4,1.6,N.A.,102.7,2.9,N.A.,100.8,1.0,N.A.,100.8,0.9,N.A.
2022,,103.3,1.9,N.A.,104.9,2.2,N.A.,102.5,1.7,N.A.,102.6,1.8,N.A.
2023,,105.5,2.1,N.A.,107.3,2.3,N.A.,104.6,2.0,N.A.,104.7,2.0,N.A.
2024,,107.3,1.7,N.A.,109.5,2.1,N.A.,106.2,1.6,N.A.,106.3,1.5,N.A.
2025,,108.9,1.4,N.A.,111.6,1.9,N.A.,107.6,1.3,N.A.,107.4,1.1,N.A.
1974,Jul,N.A.,N.A.,N.A.,12.6,N.A.,N.A.,13.0,N.A.,N.A.,11.8,N.A.,N.A.
1974,Aug,N.A.,N.A.,N.A.,12.5,N.A.,-1.3,12.9,N.A.,-0.8,11.8,N.A.,-0.3
1974,Sep,N.A.,N.A.,N.A.,12.5,N.A.,0.3,13.0,N.A.,0.2,11.8,N.A.,0.3
1974,Oct,N.A.,N.A.,N.A.,12.8,N.A.,2.0,13.2,N.A.,1.6,11.9,N.A.,0.6
1974,Nov,N.A.,N.A.,N.A.,12.8,N.A.,0.5,13.2,N.A.,0.4,11.9,N.A.,-0.1
1974,Dec,N.A.,N.A.,N.A.,12.5,N.A.,-2.2,13.0,N.A.,-1.5,11.8,N.A.,-0.8
1975,Jan,N.A.,N.A.,N.A.,12.4,N.A.,-1.2,12.9,N.A.,-0.8,11.7,N.A.,-0.4
1975,Feb,N.A.,N.A.,N.A.,12.6,N.A.,1.5,13.1,N.A.,1.2,11.8,N.A.,0.6
1975,Mar,N.A.,N.A.,N.A.,12.5,N.A.,-0.6,13.0,N.A.,-0.6,11.8,N.A.,-0.2
1975,Apr,N.A.,N.A.,N.A.,12.4,N.A.,-0.5,13.0,N.A.,-0.4,11.8,N.A.,0.3
1975,May,N.A.,N.A.,N.A.,12.5,N.A.,0.9,13.1,N.A.,0.7,11.9,N.A.,0.4
1975,Jun,N.A.,N.A.,N.A.,12.8,N.A.,1.9,13.3,N.A.,1.5,12.0,N.A.,0.8
1975,Jul,N.A.,N.A.,N.A.,12.6,0.0 [φ3],-1.4,13.1,0.5,-1.0,11.9,0.6,-0.5
1975,Aug,N.A.,N.A.,N.A.,12.6,1.4,0.1,13.1,1.5,0.2,11.9,1.3,0.3
1975,Sep,N.A.,N.A.,N.A.,12.8,2.8,1.8,13.3,2.6,1.3,12.0,1.9,0.9
1975,Oct,N.A.,N.A.,N.A.,13.1,2.4,1.6,13.5,2.1,1.2,12.1,1.7,0.5
1975,Nov,N.A.,N.A.,N.A.,12.8,-0.3,-2.1,13.3,0.3,-1.4,12.1,1.9,0.1
1975,Dec,N.A.,N.A.,N.A.,12.7,1.5,-0.5,13.3,1.7,-0.2,12.1,2.6,-0.2
1976,Jan,N.A.,N.A.,N.A.,12.8,3.2,0.5,13.3,3.1,0.5,12.2,3.7,0.7
1976,Feb,N.A.,N.A.,N.A.,12.7,1.2,-0.4,13.3,1.5,-0.3,12.2,3.1,0.1
1976,Mar,N.A.,N.A.,N.A.,12.9,3.6,1.8,13.5,3.3,1.2,12.3,4.1,0.7
1976,Apr,N.A.,N.A.,N.A.,12.9,4.1,0.0 [φ3],13.5,3.8,0.1,12.3,4.4,0.6
1976,May,N.A.,N.A.,N.A.,12.8,2.4,-0.8,13.4,2.9,-0.2,12.4,4.4,0.3
1976,Jun,N.A.,N.A.,N.A.,13.1,2.3,1.9,13.7,3.1,1.6,12.5,4.4,0.8
1976,Jul,N.A.,N.A.,N.A.,13.1,3.8,0.0 [φ3],13.7,4.3,0.1,12.5,5.0,0.0 [φ3]
1976,Aug,N.A.,N.A.,N.A.,13.4,6.2,2.4,13.9,5.9,1.8,12.6,5.4,0.7
1976,Sep,N.A.,N.A.,N.A.,13.5,5.2,0.8,14.0,5.3,0.8,12.6,5.0,0.5
1976,Oct,N.A.,N.A.,N.A.,13.3,2.0,-1.5,13.9,3.0,-1.0,12.6,4.3,-0.1
1976,Nov,N.A.,N.A.,N.A.,13.4,4.6,0.4,13.9,4.9,0.3,12.7,4.7,0.4
1976,Dec,N.A.,N.A.,N.A.,13.2,3.9,-1.1,13.8,4.2,-0.8,12.6,4.1,-0.7
1977,Jan,N.A.,N.A.,N.A.,13.6,6.0,2.5,14.1,5.6,1.9,12.7,4.5,1.0
1977,Feb,N.A.,N.A.,N.A.,14.0,9.7,3.0,14.4,8.6,2.5,12.9,6.0,1.6
1977,Mar,N.A.,N.A.,N.A.,13.8,6.5,-1.2,14.3,6.5,-0.8,12.9,5.5,0.2
1977,Apr,N.A.,N.A.,N.A.,13.8,6.7,0.2,14.4,6.6,0.2,13.0,5.3,0.4
1977,May,N.A.,N.A.,N.A.,13.6,5.8,-1.6,14.2,5.7,-1.0,13.0,4.7,-0.3
1977,Jun,N.A.,N.A.,N.A.,13.9,6.2,2.3,14.5,6.1,1.9,13.1,5.1,1.3
1977,Jul,N.A.,N.A.,N.A.,14.0,6.9,0.7,14.6,6.5,0.5,13.2,5.3,0.2
1977,Aug,N.A.,N.A.,N.A.,14.0,4.6,0.2,14.6,4.7,0.2,13.2,4.7,0.2
1977,Sep,N.A.,N.A.,N.A.,14.0,3.6,-0.1,14.6,4.1,0.1,13.2,4.6,0.3
1977,Oct,N.A.,N.A.,N.A.,14.1,6.1,0.8,14.7,5.7,0.5,13.3,5.1,0.3
1977,Nov,N.A.,N.A.,N.A.,14.0,4.4,-1.2,14.6,4.6,-0.7,13.2,4.4,-0.3
1977,Dec,N.A.,N.A.,N.A.,13.8,4.4,-1.1,14.5,4.6,-0.7,13.2,4.9,-0.2
1978,Jan,N.A.,N.A.,N.A.,14.2,4.8,2.9,14.8,4.9,2.1,13.4,5.0,1.1
1978,Feb,N.A.,N.A.,N.A.,14.5,3.7,1.9,15.0,4.0,1.7,13.5,4.6,1.2
1978,Mar,N.A.,N.A.,N.A.,14.4,4.6,-0.3,15.0,4.6,-0.3,13.5,4.4,0.0 [φ3]
1978,Apr,N.A.,N.A.,N.A.,14.7,6.2,1.7,15.2,5.7,1.3,13.7,5.1,1.1
1978,May,N.A.,N.A.,N.A.,14.4,5.8,-1.9,15.0,5.5,-1.2,13.6,5.1,-0.3
1978,Jun,N.A.,N.A.,N.A.,14.4,3.8,0.3,15.1,3.9,0.4,13.7,4.4,0.6
1978,Jul,N.A.,N.A.,N.A.,14.7,4.9,1.8,15.3,4.9,1.4,13.8,5.0,0.8
1978,Aug,N.A.,N.A.,N.A.,15.0,6.7,1.9,15.5,6.2,1.4,14.0,6.0,1.1
1978,Sep,N.A.,N.A.,N.A.,14.9,6.3,-0.4,15.5,6.2,0.1,14.1,6.3,0.6
1978,Oct,N.A.,N.A.,N.A.,15.2,7.7,2.1,15.7,7.3,1.5,14.2,7.2,1.2
1978,Nov,N.A.,N.A.,N.A.,15.0,7.4,-1.5,15.6,7.1,-0.9,14.2,7.5,0.0 [φ3]
1978,Dec,N.A.,N.A.,N.A.,14.9,8.3,-0.3,15.6,7.9,0.1,14.3,8.2,0.5
1979,Jan,N.A.,N.A.,N.A.,15.2,6.7,1.4,15.8,7.2,1.4,14.5,8.4,1.3
1979,Feb,N.A.,N.A.,N.A.,15.4,6.3,1.5,16.1,6.9,1.4,14.7,8.8,1.5
1979,Mar,N.A.,N.A.,N.A.,15.7,8.7,1.9,16.3,8.9,1.6,14.9,10.0,1.1
1979,Apr,N.A.,N.A.,N.A.,16.1,9.6,2.6,16.7,9.8,2.1,15.2,10.9,1.9
1979,May,N.A.,N.A.,N.A.,16.0,11.5,-0.3,16.7,11.4,0.2,15.3,12.0,0.8
1979,Jun,N.A.,N.A.,N.A.,16.2,12.1,0.9,16.9,12.1,1.1,15.5,12.8,1.3
1979,Jul,N.A.,N.A.,N.A.,16.5,12.0,1.7,17.1,12.2,1.5,15.6,13.2,1.1
1979,Aug,N.A.,N.A.,N.A.,17.0,13.3,3.1,17.5,13.2,2.3,15.9,14.1,2.0
1979,Sep,N.A.,N.A.,N.A.,17.1,14.5,0.6,17.7,14.1,0.9,16.1,14.2,0.7
1979,Oct,N.A.,N.A.,N.A.,17.2,13.1,0.9,17.9,13.6,1.1,16.2,14.0,1.0
1979,Nov,N.A.,N.A.,N.A.,17.1,14.3,-0.4,17.9,14.7,0.0 [φ3],16.3,14.2,0.3
1979,Dec,N.A.,N.A.,N.A.,17.3,15.8,0.9,18.0,15.5,0.8,16.5,15.3,1.4
1980,Jan,N.A.,N.A.,N.A.,17.6,16.3,1.8,18.3,15.8,1.7,16.7,15.4,1.3
1980,Feb,N.A.,N.A.,N.A.,18.6,20.8,5.4,19.2,19.3,4.5,17.3,17.6,3.5
1980,Mar,N.A.,N.A.,N.A.,18.7,19.0,0.5,19.2,17.8,0.4,17.3,16.7,0.4
1980,Apr,N.A.,N.A.,N.A.,18.4,14.4,-1.4,19.1,14.6,-0.7,17.5,15.3,0.7
1980,May,N.A.,N.A.,N.A.,18.6,15.7,0.9,19.2,15.0,0.6,17.5,14.8,0.3
1980,Jun,N.A.,N.A.,N.A.,18.6,14.7,0.1,19.3,14.1,0.3,17.7,14.4,0.9
1980,Jul,N.A.,N.A.,N.A.,19.1,16.4,3.1,19.8,15.4,2.7,17.9,14.6,1.3
1980,Aug,N.A.,N.A.,N.A.,19.3,13.7,0.7,19.9,13.6,0.7,18.1,13.3,0.9
1980,Sep,N.A.,N.A.,N.A.,19.5,14.1,1.0,20.1,13.7,1.0,18.4,14.4,1.6
1980,Oct,19.4,N.A.,N.A.,19.4,12.9,-0.2,20.1,12.8,0.3,18.4,14.0,0.7
1980,Nov,19.6,N.A.,1.2,19.6,14.7,1.2,20.3,14.2,1.2,18.6,14.9,1.1
1980,Dec,19.7,N.A.,0.7,19.8,14.7,0.9,20.5,14.1,0.8,18.7,14.0,0.5
1981,Jan,20.0,N.A.,1.5,20.1,14.1,1.8,20.9,13.8,2.0,18.8,13.6,0.4
1981,Feb,20.4,N.A.,2.1,20.6,11.9,2.2,21.3,12.3,1.8,19.2,12.5,2.2
1981,Mar,20.7,N.A.,1.1,20.8,12.6,1.0,21.5,12.8,0.8,19.5,13.2,1.7
1981,Apr,20.8,N.A.,0.7,20.9,14.5,0.6,21.6,14.0,0.7,19.7,13.0,0.7
1981,May,21.0,N.A.,1.1,21.2,14.7,1.2,21.9,14.7,1.3,19.8,14.0,0.8
1981,Jun,21.3,N.A.,1.2,21.5,16.9,1.4,22.2,16.1,1.2,20.0,14.6,1.0
1981,Jul,21.6,N.A.,1.5,21.8,15.8,1.7,22.5,15.1,1.5,20.3,15.1,1.4
1981,Aug,21.9,N.A.,1.1,22.2,17.5,1.5,22.7,16.3,1.0,20.5,15.5,0.8
1981,Sep,22.0,N.A.,0.6,22.2,16.0,0.3,22.8,15.2,0.5,20.7,15.1,1.0
1981,Oct,22.4,16.0,2.1,22.8,17.4,2.4,23.3,16.2,2.2,21.0,14.1,1.6
1981,Nov,22.4,14.6,0.0 [φ3],22.7,15.6,-0.4,23.3,14.7,0.0 [φ3],21.1,13.4,0.5
1981,Dec,22.4,13.4,-0.4,22.5,13.9,-0.6,23.3,13.6,-0.2,21.2,13.1,0.1
1982,Jan,22.8,13.8,1.8,22.9,13.9,1.8,23.7,13.3,1.7,21.5,14.3,1.5
1982,Feb,23.0,12.7,1.1,23.3,13.0,1.4,23.9,12.4,1.0,21.7,12.7,0.8
1982,Mar,23.0,11.4,0.0 [φ3],23.2,11.6,-0.3,23.9,11.3,-0.2,21.8,11.5,0.6
1982,Apr,23.2,11.4,0.6,23.3,11.3,0.4,24.1,11.4,0.8,21.9,11.3,0.5
1982,May,23.6,12.0,1.7,23.7,11.9,1.7,24.5,11.7,1.6,22.3,12.6,1.9
1982,Jun,23.8,11.6,0.8,23.9,11.2,0.7,24.6,11.2,0.7,22.6,12.7,1.1
1982,Jul,23.9,10.5,0.6,24.0,10.1,0.7,24.8,10.3,0.7,22.6,11.4,0.2
1982,Aug,24.0,9.8,0.5,24.1,8.9,0.5,24.9,9.6,0.4,22.7,11.1,0.5
1982,Sep,24.2,9.9,0.7,24.3,9.1,0.5,25.0,9.6,0.5,23.0,11.1,1.1
1982,Oct,24.4,8.9,1.2,24.6,7.9,1.2,25.4,8.7,1.4,23.2,10.3,0.8
1982,Nov,24.6,9.4,0.5,24.6,8.4,0.0 [φ3],25.4,9.0,0.3,23.5,11.1,1.2
1982,Dec,24.7,10.2,0.4,24.7,9.7,0.6,25.6,9.8,0.5,23.5,11.0,0.1
1983,Jan,24.7,8.4,0.2,24.7,7.7,0.0 [φ3],25.6,8.2,0.2,23.5,9.5,0.2
1983,Feb,25.2,9.5,2.1,25.3,8.9,2.5,26.2,9.3,2.0,23.9,10.5,1.6
1983,Mar,25.5,10.8,1.2,25.7,10.9,1.5,26.4,10.6,1.0,24.2,11.0,1.1
1983,Apr,25.8,11.3,1.0,26.0,11.5,0.9,26.7,10.8,0.9,24.5,11.7,1.2
1983,May,25.6,8.7,-0.6,25.7,8.3,-1.2,26.5,8.4,-0.5,24.5,9.6,0.0 [φ3]
1983,Jun,25.9,9.1,1.2,26.0,8.8,1.3,26.8,8.9,1.1,24.7,9.7,1.2
1983,Jul,26.0,8.8,0.3,26.0,8.3,0.2,26.9,8.6,0.5,24.8,9.7,0.3
1983,Aug,26.1,8.7,0.3,26.1,8.3,0.4,27.0,8.5,0.3,24.9,9.4,0.3
1983,Sep,26.7,10.4,2.2,26.8,10.7,2.7,27.6,10.4,2.3,25.3,9.9,1.6
1983,Oct,27.4,12.0,2.7,27.7,12.6,3.0,28.4,12.1,2.9,25.8,11.3,2.2
1983,Nov,27.3,11.3,-0.2,27.5,11.7,-0.7,28.3,11.4,-0.3,26.0,10.7,0.7
1983,Dec,27.4,10.9,0.1,27.4,11.0,-0.1,28.4,11.0,0.1,26.0,10.8,0.1
1984,Jan,27.6,11.8,1.0,27.8,12.4,1.3,28.7,12.0,1.2,26.1,11.0,0.4
1984,Feb,28.0,10.9,1.2,28.2,11.1,1.3,29.0,11.0,1.1,26.5,10.6,1.3
1984,Mar,27.9,9.4,-0.2,28.0,8.9,-0.4,28.9,9.6,-0.3,26.5,9.7,0.2
1984,Apr,28.2,9.3,0.9,28.2,8.6,0.6,29.2,9.3,0.7,26.9,9.9,1.4
1984,May,28.2,10.2,0.3,28.2,10.1,0.1,29.2,10.2,0.3,27.0,10.4,0.4
1984,Jun,28.5,9.9,0.9,28.5,9.7,0.9,29.5,9.9,0.8,27.3,10.2,1.0
1984,Jul,28.5,9.6,0.0 [φ3],28.5,9.5,0.1,29.5,9.6,0.2,27.2,9.6,-0.2
1984,Aug,28.5,9.4,0.2,28.5,9.2,0.0 [φ3],29.5,9.2,-0.1,27.3,9.9,0.5
1984,Sep,28.7,7.8,0.7,28.8,7.1,0.8,29.7,7.5,0.6,27.5,8.9,0.6
1984,Oct,28.7,4.7,-0.2,28.6,3.4,-0.6,29.7,4.4,-0.1,27.6,6.8,0.2
1984,Nov,28.7,5.1,0.2,28.6,4.2,0.1,29.7,4.9,0.2,27.6,6.4,0.3
1984,Dec,28.8,5.3,0.2,28.7,4.6,0.3,29.8,5.1,0.3,27.7,6.2,0.0 [φ3]
1985,Jan,28.8,4.2,-0.1,28.7,3.3,-0.1,29.8,3.9,0.0 [φ3],27.5,5.5,-0.4
1985,Feb,28.9,3.5,0.5,28.9,2.8,0.8,30.0,3.4,0.6,27.7,4.7,0.6
1985,Mar,29.2,4.4,0.7,29.2,4.1,0.9,30.2,4.4,0.7,27.8,4.8,0.3
1985,Apr,29.3,4.1,0.6,29.3,3.9,0.4,30.4,4.2,0.6,28.0,4.3,0.9
1985,May,29.2,3.5,-0.4,29.1,3.2,-0.6,30.3,3.6,-0.4,28.0,3.8,-0.1
1985,Jun,29.4,3.1,0.5,29.3,2.8,0.5,30.4,3.2,0.4,28.2,3.3,0.5
1985,Jul,29.3,3.0,-0.1,29.2,2.5,-0.2,30.4,2.9,-0.1,28.2,3.6,0.1
1985,Aug,29.4,2.9,0.1,29.3,2.7,0.2,30.4,3.1,0.1,28.2,3.1,0.0 [φ3]
1985,Sep,29.8,3.8,1.5,29.8,3.8,1.8,30.9,3.9,1.5,28.5,3.6,1.2
1985,Oct,29.7,3.4,-0.5,29.5,3.3,-1.0,30.7,3.5,-0.5,28.5,3.5,0.0 [φ3]
1985,Nov,29.7,3.2,0.0 [φ3],29.4,2.9,-0.4,30.6,3.2,-0.2,28.6,3.5,0.3
1985,Dec,29.7,3.1,0.2,29.5,2.7,0.1,30.6,3.0,0.1,28.7,3.9,0.3
1986,Jan,29.7,3.2,0.0 [φ3],29.4,2.7,0.0 [φ3],30.6,3.0,0.0 [φ3],28.6,4.2,-0.1
1986,Feb,30.0,3.9,1.1,29.8,3.2,1.3,31.0,3.6,1.1,28.9,4.8,1.1
1986,Mar,30.0,3.1,0.0 [φ3],29.8,2.1,-0.1,31.0,2.8,0.0 [φ3],29.0,4.7,0.2
1986,Apr,30.2,3.1,0.6,29.9,2.1,0.6,31.2,3.0,0.7,29.1,4.3,0.5
1986,May,30.2,3.5,0.1,29.9,2.6,-0.1,31.2,3.3,0.0 [φ3],29.3,4.9,0.5
1986,Jun,30.5,3.9,0.8,30.2,2.8,0.9,31.4,3.5,0.7,29.6,5.5,1.0
1986,Jul,30.6,4.3,0.4,30.3,3.5,0.5,31.5,4.0,0.3,29.6,5.6,0.2
1986,Aug,30.5,3.9,-0.3,30.2,2.8,-0.4,31.4,3.5,-0.3,29.6,5.7,-0.1
1986,Sep,30.7,3.0,0.7,30.4,1.5,0.6,31.6,2.6,0.6,29.8,5.3,0.8
1986,Oct,30.8,4.3,0.4,30.5,3.2,0.2,31.7,3.6,0.4,30.0,5.4,0.6
1986,Nov,30.9,4.7,0.4,30.5,3.8,0.2,31.8,4.0,0.2,30.3,6.0,0.8
1986,Dec,30.9,4.6,0.0 [φ3],30.6,3.8,0.1,31.9,4.0,0.1,30.2,5.4,-0.2
1987,Jan,31.1,4.8,0.5,30.8,4.5,0.7,32.0,4.5,0.5,30.3,5.7,0.2
1987,Feb,31.3,4.3,0.6,31.0,3.9,0.7,32.2,3.9,0.5,30.4,5.1,0.5
1987,Mar,31.4,4.7,0.4,31.1,4.4,0.3,32.3,4.2,0.3,30.6,5.7,0.8
1987,Apr,31.7,5.2,1.1,31.4,5.0,1.1,32.7,4.7,1.2,30.9,6.1,0.9
1987,May,31.9,5.6,0.5,31.5,5.3,0.3,32.8,5.1,0.5,31.2,6.6,0.9
1987,Jun,32.3,5.9,1.1,31.9,5.8,1.3,33.1,5.5,1.1,31.5,6.5,0.9
1987,Jul,32.1,5.1,-0.4,31.8,4.7,-0.5,33.0,4.8,-0.3,31.4,5.9,-0.4
1987,Aug,32.4,6.3,0.8,32.1,6.2,1.1,33.3,5.9,0.8,31.6,6.7,0.6
1987,Sep,32.6,6.1,0.6,32.2,5.9,0.3,33.4,5.7,0.4,31.9,6.9,1.0
1987,Oct,32.8,6.4,0.7,32.4,6.4,0.7,33.6,6.0,0.7,32.1,7.0,0.7
1987,Nov,32.9,6.3,0.3,32.4,6.2,0.0 [φ3],33.7,6.0,0.2,32.3,6.8,0.7
1987,Dec,33.2,7.4,1.0,32.9,7.5,1.3,34.1,7.0,1.1,32.6,7.8,0.7
1988,Jan,33.1,6.6,-0.3,32.7,6.3,-0.5,34.0,6.2,-0.2,32.5,7.3,-0.3
1988,Feb,33.5,7.2,1.1,33.1,6.9,1.3,34.4,6.8,1.1,32.8,7.7,0.9
1988,Mar,33.7,7.3,0.6,33.3,7.1,0.5,34.5,7.0,0.4,33.0,7.8,0.8
1988,Apr,34.2,7.7,1.4,33.8,7.4,1.4,35.0,7.3,1.4,33.5,8.4,1.5
1988,May,34.3,7.5,0.4,33.8,7.1,0.0 [φ3],35.1,7.0,0.2,33.8,8.5,0.9
1988,Jun,34.6,7.2,0.8,34.0,6.5,0.8,35.4,6.7,0.7,34.1,8.4,0.9
1988,Jul,34.8,8.2,0.6,34.3,8.0,0.9,35.6,7.8,0.7,34.2,8.9,0.1
1988,Aug,35.0,8.1,0.7,34.6,7.7,0.8,35.8,7.5,0.5,34.5,9.2,0.9
1988,Sep,35.5,8.8,1.2,35.0,8.8,1.3,36.2,8.3,1.1,34.9,9.4,1.2
1988,Oct,35.4,8.0,-0.1,34.9,7.6,-0.4,36.2,7.5,-0.1,35.0,9.0,0.4
1988,Nov,35.8,8.9,1.1,35.2,8.6,0.9,36.5,8.3,1.0,35.5,9.9,1.5
1988,Dec,36.0,8.3,0.5,35.4,7.7,0.5,36.7,7.7,0.5,35.7,9.7,0.5
1989,Jan,36.3,9.7,0.9,35.8,9.5,1.2,37.1,9.1,1.0,35.9,10.5,0.4
1989,Feb,37.0,10.5,1.9,36.6,10.5,2.3,37.8,10.0,1.9,36.4,11.1,1.5
1989,Mar,37.0,9.8,-0.1,36.5,9.5,-0.5,37.7,9.2,-0.3,36.5,10.6,0.4
1989,Apr,37.6,9.9,1.6,37.0,9.6,1.5,38.3,9.3,1.5,37.2,11.0,1.8
1989,May,37.9,10.6,0.9,37.3,10.6,0.9,38.6,10.1,0.9,37.6,11.1,1.0
1989,Jun,38.3,10.8,0.9,37.8,11.0,1.1,39.0,10.3,0.9,37.9,11.0,0.8
1989,Jul,38.4,10.5,0.3,37.9,10.3,0.3,39.2,10.0,0.4,38.0,11.1,0.2
1989,Aug,38.6,10.1,0.4,38.0,9.9,0.3,39.3,9.7,0.3,38.2,10.7,0.6
1989,Sep,39.1,10.3,1.4,38.5,10.1,1.5,39.8,9.9,1.3,38.7,11.0,1.5
1989,Oct,39.2,10.6,0.2,38.5,10.4,0.0 [φ3],39.8,10.1,0.1,39.0,11.3,0.6
1989,Nov,39.4,9.9,0.5,38.6,9.6,0.1,40.0,9.4,0.4,39.4,10.9,1.1
1989,Dec,39.6,10.1,0.6,38.8,9.7,0.6,40.2,9.5,0.6,39.7,11.1,0.7
1990,Jan,40.0,10.1,0.9,39.3,9.8,1.2,40.6,9.5,1.0,39.8,11.1,0.4
1990,Feb,40.3,8.9,0.8,39.7,8.4,1.0,41.0,8.3,0.8,40.0,10.0,0.5
1990,Mar,40.8,10.2,1.1,40.1,10.0,1.1,41.4,9.6,1.0,40.5,10.9,1.2
1990,Apr,41.3,9.8,1.2,40.5,9.4,1.0,41.9,9.3,1.2,41.2,10.6,1.5
1990,May,41.7,9.9,1.0,40.8,9.3,0.7,42.2,9.3,0.9,41.8,11.1,1.5
1990,Jun,42.1,9.9,0.9,41.2,9.1,1.0,42.6,9.3,0.9,42.1,11.3,0.9
1990,Jul,42.3,10.0,0.4,41.4,9.4,0.5,42.9,9.5,0.6,42.2,11.2,0.1
1990,Aug,42.4,10.1,0.4,41.6,9.4,0.3,43.0,9.6,0.4,42.5,11.3,0.6
1990,Sep,43.2,10.3,1.7,42.3,9.7,1.8,43.7,9.9,1.6,43.2,11.4,1.7
1990,Oct,43.5,10.9,0.8,42.6,10.4,0.6,44.0,10.4,0.6,43.7,12.0,1.1
1990,Nov,43.9,11.2,0.8,42.8,10.9,0.6,44.4,10.8,0.8,44.1,12.0,1.0
1990,Dec,44.2,11.3,0.7,43.2,11.3,0.9,44.8,11.1,0.8,44.3,11.5,0.3
1991,Jan,44.5,11.1,0.7,43.6,10.8,0.8,45.1,10.8,0.7,44.5,11.6,0.4
1991,Feb,45.2,12.2,1.7,44.4,11.9,1.9,45.8,11.9,1.6,45.1,12.8,1.5
1991,Mar,45.7,12.5,1.0,45.0,12.9,1.4,46.2,12.3,0.9,45.3,12.2,0.4
1991,Apr,46.4,13.0,1.6,45.8,13.9,1.8,47.0,13.0,1.7,45.9,11.9,1.1
1991,May,46.6,12.4,0.5,45.9,13.0,0.1,47.3,12.4,0.5,46.4,11.6,1.3
1991,Jun,46.9,11.7,0.5,46.1,12.3,0.5,47.5,11.8,0.5,46.6,10.9,0.4
1991,Jul,47.1,11.9,0.5,46.4,12.6,0.7,47.8,11.9,0.6,46.7,11.0,0.0 [φ3]
1991,Aug,47.3,11.9,0.5,46.7,12.7,0.6,48.0,12.0,0.5,46.9,10.9,0.6
1991,Sep,47.7,11.0,0.8,47.0,11.5,0.7,48.3,11.2,0.7,47.4,10.1,1.0
1991,Oct,48.0,10.4,0.7,47.2,10.8,0.4,48.6,10.3,0.6,48.1,10.0,1.4
1991,Nov,48.4,10.3,0.7,47.4,10.6,0.4,48.9,10.2,0.7,48.6,10.1,1.1
1991,Dec,48.5,9.9,0.3,47.5,10.0,0.3,49.2,9.9,0.6,48.5,9.6,-0.1
1992,Jan,49.0,10.2,1.0,48.1,10.5,1.3,49.6,10.1,0.8,48.9,9.9,0.7
1992,Feb,49.8,10.1,1.6,49.0,10.4,1.8,50.4,10.1,1.6,49.6,9.8,1.4
1992,Mar,50.1,9.7,0.6,49.3,9.5,0.6,50.7,9.7,0.5,49.9,10.1,0.7
1992,Apr,50.7,9.2,1.1,49.9,8.9,1.2,51.3,9.2,1.3,50.3,9.7,0.8
1992,May,50.9,9.1,0.4,49.9,8.8,0.0 [φ3],51.5,9.0,0.3,50.9,9.5,1.1
1992,Jun,51.3,9.6,1.0,50.4,9.3,1.0,52.0,9.6,1.0,51.3,10.0,0.8
1992,Jul,51.5,9.3,0.2,50.5,8.8,0.2,52.2,9.3,0.3,51.3,10.1,0.1
1992,Aug,51.6,9.0,0.3,50.5,8.3,0.1,52.4,9.1,0.4,51.5,9.8,0.3
1992,Sep,52.5,10.1,1.8,51.6,9.9,2.2,53.2,10.2,1.6,52.2,10.2,1.3
1992,Oct,52.7,9.7,0.4,51.7,9.5,0.1,53.4,10.0,0.4,52.6,9.5,0.8
1992,Nov,52.9,9.4,0.5,51.7,9.2,0.1,53.7,9.6,0.4,53.2,9.5,1.1
1992,Dec,53.2,9.6,0.5,52.0,9.4,0.6,54.0,9.7,0.6,53.2,9.7,0.1
1993,Jan,54.0,10.2,1.5,53.0,10.1,2.0,54.8,10.3,1.4,53.8,10.1,1.1
1993,Feb,54.2,8.9,0.4,53.2,8.6,0.4,55.0,9.1,0.4,54.1,9.1,0.4
1993,Mar,54.3,8.4,0.1,53.1,7.8,-0.2,55.0,8.5,0.0 [φ3],54.5,9.2,0.8
1993,Apr,54.9,8.5,1.2,53.7,7.7,1.1,55.7,8.5,1.3,55.1,9.5,1.1
1993,May,55.4,8.9,0.9,54.1,8.5,0.7,56.1,8.8,0.7,55.8,9.8,1.3
1993,Jun,55.9,8.8,0.9,54.7,8.6,1.1,56.6,8.7,0.8,56.1,9.5,0.6
1993,Jul,55.9,8.6,-0.1,54.6,8.2,-0.2,56.6,8.5,0.1,56.1,9.2,-0.1
1993,Aug,56.1,8.7,0.4,54.8,8.5,0.4,56.8,8.5,0.4,56.3,9.2,0.4
1993,Sep,56.8,8.3,1.4,55.7,7.9,1.6,57.5,8.1,1.3,57.0,9.2,1.3
1993,Oct,57.4,9.0,1.0,56.3,9.0,1.2,58.1,8.7,1.0,57.6,9.4,1.0
1993,Nov,57.5,8.7,0.2,56.1,8.4,-0.5,58.2,8.4,0.2,58.2,9.5,1.1
1993,Dec,58.0,9.0,0.7,56.5,8.6,0.7,58.6,8.5,0.7,58.7,10.2,0.8
1994,Jan,57.9,7.2,-0.2,56.3,6.2,-0.3,58.5,6.9,-0.1,58.7,9.0,0.1
1994,Feb,58.8,8.4,1.6,57.4,7.8,1.9,59.4,8.1,1.6,59.4,9.8,1.1
1994,Mar,58.8,8.4,0.1,57.3,8.0,-0.1,59.5,8.2,0.1,59.5,9.2,0.3
1994,Apr,59.6,8.4,1.3,57.8,7.7,0.9,60.3,8.2,1.3,60.6,9.9,1.8
1994,May,60.2,8.6,1.0,58.3,7.8,0.8,60.8,8.4,0.8,61.4,10.0,1.4
1994,Jun,60.6,8.4,0.7,58.8,7.5,0.8,61.1,8.1,0.6,61.8,10.1,0.7
1994,Jul,60.8,8.9,0.4,59.3,8.5,0.8,61.5,8.6,0.6,61.6,9.9,-0.3
1994,Aug,61.6,9.8,1.2,60.2,9.8,1.6,62.2,9.5,1.2,62.1,10.4,0.8
1994,Sep,62.1,9.2,0.8,60.5,8.6,0.5,62.8,9.0,0.8,62.8,10.2,1.1
1994,Oct,62.6,9.0,0.9,60.8,7.9,0.5,63.3,9.0,0.9,63.6,10.5,1.2
1994,Nov,63.0,9.5,0.6,60.9,8.6,0.2,63.7,9.5,0.6,64.4,10.6,1.2
1994,Dec,63.5,9.5,0.8,61.5,8.9,1.0,64.2,9.5,0.7,64.8,10.3,0.5
1995,Jan,63.9,10.3,0.5,62.1,10.1,0.7,64.7,10.4,0.7,64.9,10.3,0.1
1995,Feb,64.3,9.4,0.7,62.5,8.9,0.7,65.2,9.6,0.8,65.1,9.7,0.4
1995,Mar,64.6,9.8,0.4,62.8,9.5,0.4,65.5,10.0,0.4,65.4,9.9,0.5
1995,Apr,65.4,9.8,1.2,63.4,9.6,1.0,66.3,9.9,1.2,66.5,9.8,1.6
1995,May,65.8,9.3,0.6,63.7,9.1,0.4,66.6,9.5,0.5,67.2,9.5,1.1
1995,Jun,66.3,9.4,0.7,64.0,8.9,0.6,67.0,9.6,0.6,67.8,9.7,0.8
1995,Jul,66.4,9.2,0.2,64.2,8.5,0.3,67.2,9.2,0.2,67.8,10.1,0.0 [φ3]
1995,Aug,67.0,9.0,0.9,65.1,8.3,1.3,67.8,9.0,0.9,68.1,9.8,0.6
1995,Sep,67.6,9.2,0.9,65.7,8.9,1.0,68.3,9.1,0.8,68.8,9.8,0.9
1995,Oct,68.0,8.8,0.6,65.8,8.4,0.2,68.8,8.8,0.8,69.3,9.4,0.8
1995,Nov,68.1,8.4,0.2,65.8,8.2,-0.1,68.9,8.3,0.1,69.8,8.9,0.6
1995,Dec,68.0,7.2,-0.3,65.6,6.6,-0.3,68.8,7.3,-0.1,69.5,7.9,-0.5
1996,Jan,68.1,6.5,0.2,65.6,5.8,0.1,69.0,6.6,0.2,69.6,7.3,0.2
1996,Feb,68.8,6.9,1.0,66.5,6.4,1.3,69.7,7.0,1.1,70.0,7.5,0.6
1996,Mar,69.1,7.0,0.5,66.9,6.5,0.6,70.1,7.0,0.5,70.4,7.5,0.5
1996,Apr,70.0,7.0,1.2,67.7,6.8,1.2,70.9,7.0,1.2,71.2,7.1,1.2
1996,May,70.1,6.5,0.2,67.6,6.1,-0.2,71.0,6.6,0.1,71.8,6.9,0.9
1996,Jun,70.5,6.4,0.5,68.0,6.1,0.6,71.3,6.4,0.4,72.3,6.6,0.6
1996,Jul,70.5,6.2,0.0 [φ3],68.1,6.1,0.2,71.4,6.4,0.2,71.9,6.2,-0.4
1996,Aug,70.6,5.4,0.2,68.2,4.9,0.1,71.5,5.5,0.1,72.1,5.9,0.3
1996,Sep,71.4,5.6,1.1,69.1,5.2,1.3,72.3,5.9,1.1,72.7,5.6,0.7
1996,Oct,71.9,5.7,0.7,69.3,5.4,0.3,72.8,5.8,0.7,73.5,6.0,1.1
1996,Nov,72.2,5.9,0.4,69.6,5.8,0.3,73.1,6.1,0.4,73.9,5.8,0.5
1996,Dec,72.5,6.6,0.4,70.0,6.7,0.6,73.3,6.5,0.3,74.1,6.7,0.4
1997,Jan,72.4,6.3,-0.1,70.0,6.6,0.0 [φ3],73.3,6.3,0.0 [φ3],73.7,5.9,-0.5
1997,Feb,73.1,6.3,1.0,70.8,6.5,1.2,74.0,6.1,0.9,74.3,6.2,0.8
1997,Mar,73.2,5.9,0.2,70.7,5.7,-0.1,74.1,5.8,0.1,74.8,6.3,0.6
1997,Apr,73.9,5.6,1.0,71.3,5.2,0.8,74.8,5.4,0.9,75.8,6.4,1.3
1997,May,74.2,5.8,0.4,71.4,5.8,0.3,75.0,5.7,0.4,76.2,6.0,0.5
1997,Jun,74.4,5.6,0.4,71.7,5.4,0.3,75.3,5.6,0.3,76.5,5.9,0.5
1997,Jul,75.0,6.4,0.8,72.5,6.5,1.2,75.8,6.2,0.7,76.7,6.6,0.2
1997,Aug,75.1,6.3,0.1,72.7,6.6,0.2,76.0,6.3,0.2,76.6,6.2,-0.2
1997,Sep,75.4,5.6,0.4,72.8,5.3,0.1,76.4,5.6,0.5,77.0,5.9,0.5
1997,Oct,75.9,5.7,0.8,73.1,5.5,0.5,77.0,5.7,0.8,77.8,5.9,1.0
1997,Nov,76.1,5.4,0.2,73.1,5.1,0.0 [φ3],77.0,5.4,0.1,78.2,5.9,0.6
1997,Dec,76.2,5.2,0.2,73.3,4.8,0.3,77.2,5.2,0.2,78.4,5.8,0.2
1998,Jan,76.3,5.4,0.1,73.5,5.1,0.3,77.3,5.4,0.1,78.1,5.9,-0.4
1998,Feb,76.5,4.7,0.3,74.0,4.5,0.6,77.6,4.8,0.4,78.0,4.9,-0.1
1998,Mar,76.7,4.8,0.3,74.1,4.8,0.1,77.8,5.0,0.3,78.3,4.7,0.5
1998,Apr,77.4,4.7,0.9,74.4,4.4,0.4,78.4,4.9,0.8,79.5,4.9,1.5
1998,May,77.5,4.5,0.2,74.5,4.3,0.2,78.4,4.4,-0.1,79.9,4.9,0.6
1998,Jun,77.4,4.0,-0.2,74.5,4.0,0.0 [φ3],78.2,3.9,-0.2,79.7,4.1,-0.3
1998,Jul,77.4,3.2,0.0 [φ3],74.5,2.7,0.0 [φ3],78.3,3.2,0.1,79.6,3.7,-0.1
1998,Aug,77.2,2.7,-0.3,74.2,2.0,-0.5,78.1,2.7,-0.3,79.4,3.7,-0.2
1998,Sep,77.3,2.5,0.1,74.5,2.3,0.4,78.1,2.3,0.0 [φ3],79.3,3.1,0.0 [φ3]
1998,Oct,76.0,0.1,-1.6,73.1,-0.1,-1.9,77.0,0.0 [φ3],-1.5,78.1,0.5,-1.5
1998,Nov,75.5,-0.7,-0.6,72.5,-0.9,-0.8,76.3,-0.9,-0.8,78.0,-0.2,-0.1
1998,Dec,75.0,-1.6,-0.7,72.3,-1.4,-0.2,75.9,-1.7,-0.6,77.0,-1.8,-1.3
1999,Jan,75.5,-1.1,0.6,72.9,-0.9,0.9,76.1,-1.6,0.2,77.7,-0.5,0.9
1999,Feb,75.2,-1.7,-0.4,72.9,-1.5,0.0 [φ3],75.8,-2.3,-0.4,77.1,-1.1,-0.8
1999,Mar,74.7,-2.6,-0.6,72.4,-2.3,-0.7,75.3,-3.3,-0.7,76.8,-1.9,-0.4
1999,Apr,74.5,-3.8,-0.4,71.9,-3.3,-0.6,74.9,-4.5,-0.5,76.8,-3.3,0.0 [φ3]
1999,May,74.4,-4.0,0.0 [φ3],71.9,-3.5,0.0 [φ3],74.7,-4.6,-0.2,77.0,-3.6,0.3
1999,Jun,74.2,-4.1,-0.3,71.8,-3.7,-0.2,74.5,-4.8,-0.4,76.8,-3.6,-0.3
1999,Jul,73.1,-5.5,-1.5,70.8,-5.0,-1.4,73.4,-6.3,-1.4,75.5,-5.1,-1.7
1999,Aug,72.4,-6.1,-0.9,70.3,-5.2,-0.7,72.7,-6.9,-0.9,74.5,-6.1,-1.3
1999,Sep,72.6,-6.0,0.2,70.8,-4.9,0.7,72.8,-6.9,0.1,74.5,-6.1,0.0 [φ3]
1999,Oct,72.8,-4.2,0.3,71.0,-3.1,0.0 [φ3],73.1,-5.1,0.3,74.7,-4.1,0.6
1999,Nov,72.3,-4.2,-0.7,70.4,-2.9,-0.7,72.6,-4.9,-0.7,74.1,-4.5,-0.8
1999,Dec,72.0,-4.0,-0.5,70.3,-2.9,-0.3,72.2,-4.9,-0.5,73.6,-4.1,-0.7
2000,Jan,71.5,-5.3,-0.7,69.9,-4.2,-0.5,71.8,-5.7,-0.6,72.9,-6.2,-1.0
2000,Feb,71.4,-5.1,-0.1,69.9,-4.2,0.0 [φ3],71.7,-5.4,-0.1,72.9,-5.8,0.0 [φ3]
2000,Mar,71.2,-5.0,-0.4,69.5,-4.0,-0.5,71.4,-5.3,-0.4,72.7,-5.7,-0.3
2000,Apr,71.2,-4.4,0.1,69.5,-3.4,0.0 [φ3],71.4,-4.6,0.0 [φ3],72.9,-5.2,0.3
2000,May,71.1,-4.5,-0.2,69.4,-3.4,-0.2,71.2,-4.6,-0.3,72.8,-5.6,-0.2
2000,Jun,70.8,-4.5,-0.4,69.2,-3.5,-0.3,71.0,-4.5,-0.3,72.4,-5.7,-0.5
2000,Jul,70.7,-3.2,-0.1,69.2,-2.2,-0.1,70.9,-3.3,-0.1,72.3,-4.3,-0.1
2000,Aug,70.5,-2.7,-0.3,69.0,-1.8,-0.2,70.7,-2.7,-0.3,72.0,-3.6,-0.5
2000,Sep,70.6,-2.6,0.1,69.1,-2.1,0.1,70.8,-2.5,0.1,72.0,-3.3,0.1
2000,Oct,70.6,-3.1,0.0 [φ3],69.0,-2.7,-0.1,70.8,-3.2,0.0 [φ3],72.2,-3.4,0.2
2000,Nov,70.7,-2.3,0.1,69.1,-1.9,0.1,70.8,-2.4,0.1,72.2,-2.5,0.1
2000,Dec,70.5,-2.1,-0.3,68.9,-1.9,-0.3,70.7,-2.1,-0.2,71.9,-2.3,-0.4
2001,Jan,70.4,-1.5,-0.1,68.9,-1.4,0.0 [φ3],70.6,-1.7,-0.1,71.9,-1.4,-0.1
2001,Feb,69.7,-2.4,-1.0,68.1,-2.5,-1.2,69.9,-2.5,-1.0,71.2,-2.3,-0.9
2001,Mar,69.8,-1.9,0.2,68.1,-2.1,-0.1,70.0,-2.0,0.1,71.6,-1.5,0.5
2001,Apr,70.2,-1.4,0.6,68.7,-1.2,0.8,70.3,-1.6,0.5,71.9,-1.4,0.4
2001,May,70.0,-1.5,-0.3,68.5,-1.3,-0.2,70.1,-1.6,-0.3,71.6,-1.6,-0.3
2001,Jun,70.0,-1.1,0.0 [φ3],68.7,-0.7,0.2,70.1,-1.2,0.0 [φ3],71.5,-1.3,-0.2
2001,Jul,70.1,-0.9,0.1,68.8,-0.5,0.2,70.2,-1.1,0.0 [φ3],71.4,-1.2,-0.1
2001,Aug,69.7,-1.1,-0.5,68.4,-0.9,-0.6,69.9,-1.2,-0.4,71.1,-1.2,-0.5
2001,Sep,69.8,-1.2,0.0 [φ3],68.5,-0.9,0.1,69.9,-1.3,0.0 [φ3],71.1,-1.4,0.0 [φ3]
2001,Oct,69.7,-1.2,-0.1,68.3,-1.1,-0.3,69.8,-1.4,-0.1,71.3,-1.3,0.3
2001,Nov,69.7,-1.4,-0.1,68.3,-1.2,-0.1,69.8,-1.5,0.0 [φ3],71.1,-1.6,-0.2
2001,Dec,68.0,-3.6,-2.4,64.6,-6.2,-5.3,68.8,-2.6,-1.4,70.7,-1.7,-0.5
2002,Jan,68.0,-3.5,0.0 [φ3],66.3,-3.9,2.5,68.2,-3.4,-0.9,69.6,-3.2,-1.6
2002,Feb,68.1,-2.3,0.2,66.5,-2.4,0.3,68.3,-2.3,0.2,69.7,-2.0,0.3
2002,Mar,68.3,-2.2,0.2,66.8,-2.0,0.4,68.4,-2.3,0.1,69.8,-2.5,0.0 [φ3]
2002,Apr,68.1,-3.1,-0.3,66.4,-3.3,-0.6,68.2,-3.0,-0.3,69.8,-2.9,0.0 [φ3]
2002,May,67.8,-3.1,-0.3,66.1,-3.5,-0.4,68.0,-3.0,-0.3,69.6,-2.9,-0.3
2002,Jun,67.7,-3.3,-0.2,66.0,-3.9,-0.2,67.9,-3.2,-0.2,69.5,-2.8,-0.2
2002,Jul,67.7,-3.4,0.0 [φ3],66.0,-4.1,0.0 [φ3],67.8,-3.3,-0.1,69.5,-2.7,0.1
2002,Aug,67.5,-3.3,-0.4,65.9,-3.7,-0.2,67.6,-3.2,-0.3,69.1,-2.8,-0.6
2002,Sep,67.2,-3.7,-0.4,65.6,-4.2,-0.4,67.3,-3.7,-0.4,68.9,-3.0,-0.2
2002,Oct,67.2,-3.6,0.0 [φ3],65.6,-4.0,0.0 [φ3],67.3,-3.5,0.0 [φ3],69.0,-3.2,0.1
2002,Nov,67.1,-3.6,-0.1,65.4,-4.1,-0.2,67.3,-3.6,-0.1,68.9,-3.1,-0.1
2002,Dec,66.9,-1.5,-0.3,65.3,1.0,-0.3,67.1,-2.6,-0.3,68.7,-2.8,-0.3
2003,Jan,66.9,-1.6,-0.1,65.2,-1.6,-0.1,67.0,-1.7,-0.1,68.6,-1.4,-0.1
2003,Feb,66.7,-2.0,-0.2,65.1,-2.0,-0.1,66.8,-2.2,-0.3,68.4,-1.9,-0.3
2003,Mar,66.8,-2.1,0.2,65.5,-1.9,0.6,66.8,-2.3,0.0 [φ3],68.4,-1.9,0.0 [φ3]
2003,Apr,66.9,-1.8,0.0 [φ3],65.6,-1.2,0.1,66.9,-2.0,0.1,68.3,-2.1,-0.2
2003,May,66.2,-2.5,-1.0,65.0,-1.7,-0.9,66.2,-2.7,-1.0,67.5,-3.0,-1.2
2003,Jun,65.6,-3.1,-0.8,64.4,-2.4,-0.8,65.7,-3.2,-0.7,66.9,-3.7,-0.9
2003,Jul,65.0,-4.0,-1.0,63.6,-3.6,-1.3,65.0,-4.1,-1.0,66.4,-4.5,-0.7
2003,Aug,64.9,-3.8,-0.1,63.6,-3.5,-0.1,65.0,-3.9,-0.1,66.3,-4.1,-0.1
2003,Sep,65.0,-3.2,0.2,63.8,-2.8,0.4,65.1,-3.2,0.2,66.4,-3.8,0.1
2003,Oct,65.4,-2.7,0.6,64.3,-2.0,0.8,65.5,-2.7,0.6,66.7,-3.3,0.5
2003,Nov,65.5,-2.4,0.1,64.2,-1.8,0.0 [φ3],65.6,-2.5,0.1,67.0,-2.8,0.4
2003,Dec,65.7,-1.9,0.2,64.5,-1.2,0.3,65.7,-2.1,0.2,67.0,-2.5,0.1
2004,Jan,65.9,-1.5,0.3,64.7,-0.7,0.4,65.9,-1.6,0.4,67.2,-2.1,0.2
2004,Feb,65.4,-2.0,-0.7,64.4,-1.1,-0.5,65.4,-2.1,-0.8,66.5,-2.8,-1.0
2004,Mar,65.5,-2.1,0.1,64.3,-1.8,-0.1,65.4,-2.1,0.0 [φ3],66.7,-2.5,0.3
2004,Apr,65.8,-1.5,0.6,64.6,-1.5,0.4,65.8,-1.5,0.6,67.2,-1.6,0.7
2004,May,65.6,-0.9,-0.4,64.5,-0.7,-0.2,65.6,-0.9,-0.4,66.8,-1.1,-0.6
2004,Jun,65.5,-0.1,-0.1,64.5,0.1,0.0 [φ3],65.5,-0.2,-0.1,66.7,-0.3,-0.1
2004,Jul,65.5,0.9,0.0 [φ3],64.6,1.5,0.1,65.5,0.8,0.0 [φ3],66.6,0.4,-0.1
2004,Aug,65.4,0.8,-0.2,64.4,1.4,-0.2,65.4,0.7,-0.2,66.4,0.1,-0.4
2004,Sep,65.5,0.7,0.2,64.6,1.3,0.2,65.5,0.6,0.1,66.6,0.3,0.2
2004,Oct,65.8,0.2,0.0 [φ3],64.8,0.4,-0.1,65.7,0.1,0.1,67.0,-0.1,0.2
2004,Nov,65.9,0.2,0.1,64.8,0.6,0.1,65.8,0.2,0.2,67.1,-0.2,0.2
2004,Dec,65.9,0.2,0.1,64.8,0.5,0.0 [φ3],65.9,0.2,0.2,67.1,-0.1,0.0 [φ3]
2005,Jan,65.7,-0.5,-0.4,64.8,-0.2,-0.1,65.7,-0.5,-0.3,66.7,-1.0,-0.7
2005,Feb,65.9,0.8,0.3,65.0,1.1,0.4,66.0,0.8,0.4,66.8,0.5,0.2
2005,Mar,65.9,0.8,0.0 [φ3],65.0,1.1,0.0 [φ3],66.0,0.8,-0.1,66.8,0.3,0.1
2005,Apr,66.1,0.5,0.2,65.1,0.7,0.0 [φ3],66.1,0.4,0.2,67.2,0.2,0.5
2005,May,66.0,0.8,-0.1,65.1,0.9,0.0 [φ3],66.0,0.8,-0.1,67.1,0.8,-0.1
2005,Jun,66.2,1.2,0.3,65.3,1.3,0.4,66.2,1.2,0.3,67.2,1.0,0.2
2005,Jul,66.3,1.3,0.1,65.3,1.3,0.0 [φ3],66.3,1.3,0.1,67.4,1.3,0.3
2005,Aug,66.2,1.4,-0.2,65.2,1.3,-0.2,66.2,1.4,-0.2,67.3,1.5,-0.1
2005,Sep,66.5,1.6,0.5,65.5,1.5,0.5,66.5,1.7,0.4,67.6,1.7,0.5
2005,Oct,66.6,1.3,0.2,65.6,1.2,0.1,66.6,1.4,0.2,67.9,1.3,0.4
2005,Nov,66.7,1.2,0.1,65.6,1.1,0.0 [φ3],66.7,1.3,0.1,67.9,1.2,0.1
2005,Dec,66.8,1.3,0.2,65.7,1.3,0.2,66.8,1.4,0.2,68.0,1.3,0.1
2006,Jan,66.9,1.9,0.2,65.8,1.6,0.2,67.0,2.0,0.3,68.0,2.0,0.0 [φ3]
2006,Feb,66.7,1.2,-0.3,65.8,1.1,0.0 [φ3],66.8,1.2,-0.3,67.7,1.4,-0.4
2006,Mar,67.0,1.6,0.4,65.9,1.4,0.3,67.1,1.7,0.4,68.1,1.8,0.5
2006,Apr,67.3,1.9,0.5,66.1,1.7,0.3,67.4,2.0,0.6,68.5,2.0,0.6
2006,May,67.4,2.1,0.1,66.2,1.8,0.2,67.5,2.2,0.0 [φ3],68.7,2.4,0.3
2006,Jun,67.6,2.2,0.3,66.5,1.9,0.4,67.7,2.2,0.3,68.8,2.5,0.2
2006,Jul,67.8,2.3,0.3,66.6,2.0,0.2,67.9,2.4,0.3,69.1,2.5,0.3
2006,Aug,67.8,2.5,0.0 [φ3],66.7,2.3,0.1,67.9,2.6,0.0 [φ3],69.0,2.6,-0.1
2006,Sep,67.9,2.1,0.1,66.7,1.9,0.0 [φ3],67.9,2.2,0.0 [φ3],69.2,2.3,0.3
2006,Oct,68.0,2.0,0.1,66.7,1.7,0.0 [φ3],68.0,2.1,0.1,69.3,2.1,0.2
2006,Nov,68.1,2.2,0.3,66.8,1.8,0.1,68.2,2.2,0.2,69.7,2.6,0.5
2006,Dec,68.3,2.3,0.3,67.0,1.9,0.3,68.4,2.3,0.3,69.8,2.7,0.2
2007,Jan,68.2,2.0,-0.1,67.0,1.8,0.0 [φ3],68.3,1.9,-0.1,69.6,2.3,-0.3
2007,Feb,67.3,0.8,-1.4,63.7,-3.2,-4.9,68.2,2.1,-0.2,70.1,3.6,0.8
2007,Mar,68.6,2.4,2.0,67.4,2.2,5.9,68.6,2.3,0.7,69.9,2.7,-0.4
2007,Apr,68.2,1.3,-0.6,66.6,0.7,-1.2,68.3,1.3,-0.5,69.8,1.9,-0.1
2007,May,68.2,1.2,0.1,66.7,0.7,0.1,68.3,1.3,0.1,69.9,1.7,0.1
2007,Jun,68.5,1.3,0.4,67.1,0.8,0.5,68.6,1.4,0.4,70.1,1.9,0.4
2007,Jul,68.9,1.5,0.5,67.3,1.0,0.4,69.0,1.6,0.6,70.5,2.1,0.5
2007,Aug,68.9,1.6,0.1,67.1,0.7,-0.3,69.1,1.7,0.2,70.7,2.4,0.3
2007,Sep,69.0,1.6,0.1,67.3,1.0,0.3,69.1,1.8,0.1,70.7,2.2,0.0 [φ3]
2007,Oct,70.1,3.2,1.6,68.6,2.9,1.9,70.2,3.2,1.6,71.7,3.5,1.5
2007,Nov,70.5,3.4,0.5,68.8,3.1,0.3,70.6,3.5,0.5,72.2,3.6,0.6
2007,Dec,70.9,3.8,0.6,69.2,3.4,0.6,71.1,3.9,0.7,72.6,4.0,0.6
2008,Jan,70.4,3.2,-0.6,68.9,2.9,-0.5,70.6,3.3,-0.7,72.0,3.5,-0.8
2008,Feb,71.5,6.3,1.5,70.0,9.9,1.5,71.7,5.2,1.6,72.9,3.9,1.3
2008,Mar,71.5,4.2,0.0 [φ3],69.9,3.8,0.0 [φ3],71.7,4.4,-0.1,72.9,4.4,0.1
2008,Apr,71.9,5.4,0.6,70.3,5.5,0.5,72.0,5.5,0.5,73.5,5.2,0.7
2008,May,72.1,5.7,0.4,70.5,5.6,0.3,72.3,5.8,0.4,73.8,5.5,0.4
2008,Jun,72.7,6.1,0.8,71.1,6.1,1.0,72.9,6.3,0.8,74.2,5.8,0.6
2008,Jul,73.2,6.3,0.8,71.6,6.4,0.7,73.4,6.5,0.8,74.8,6.1,0.9
2008,Aug,72.1,4.6,-1.6,68.6,2.2,-4.1,72.9,5.5,-0.8,74.9,6.0,0.1
2008,Sep,71.1,3.0,-1.4,67.1,-0.3,-2.2,71.9,4.0,-1.3,74.5,5.4,-0.6
2008,Oct,71.4,1.8,0.4,67.4,-1.7,0.4,72.2,2.8,0.4,74.8,4.3,0.4
2008,Nov,72.6,3.1,1.8,70.3,2.1,4.3,72.9,3.3,1.0,74.9,3.8,0.2
2008,Dec,72.4,2.1,-0.3,70.1,1.2,-0.3,72.8,2.4,-0.3,74.5,2.7,-0.5
2009,Jan,72.6,3.1,0.3,70.4,2.1,0.4,73.0,3.4,0.3,74.6,3.7,0.1
2009,Feb,72.1,0.8,-0.7,70.0,0.1,-0.5,72.4,0.9,-0.8,73.9,1.4,-0.9
2009,Mar,72.3,1.2,0.3,70.3,0.5,0.4,72.6,1.3,0.3,74.1,1.7,0.3
2009,Apr,72.3,0.6,0.1,70.2,-0.2,-0.2,72.7,0.9,0.1,74.4,1.2,0.3
2009,May,72.2,0.0 [φ3],-0.2,70.1,-0.5,-0.1,72.5,0.2,-0.3,74.1,0.5,-0.3
2009,Jun,72.1,-0.9,-0.1,70.0,-1.6,-0.1,72.4,-0.7,-0.1,74.0,-0.3,-0.2
2009,Jul,72.1,-1.5,0.1,70.0,-2.2,0.0 [φ3],72.4,-1.4,0.1,74.1,-0.9,0.2
2009,Aug,70.9,-1.6,-1.7,67.0,-2.4,-4.4,71.8,-1.5,-0.9,74.1,-1.0,0.0 [φ3]
2009,Sep,71.4,0.5,0.8,67.7,0.8,1.0,72.3,0.5,0.7,74.6,0.1,0.6
2009,Oct,73.2,2.2,2.1,71.4,5.2,4.8,73.3,1.3,1.2,74.9,0.1,0.5
2009,Nov,73.2,0.5,0.1,71.5,1.0,0.1,73.4,0.5,0.2,74.9,0.1,0.0 [φ3]
2009,Dec,73.5,1.3,0.4,71.8,1.7,0.4,73.7,1.2,0.4,75.2,0.9,0.4
2010,Jan,73.5,1.0,0.0 [φ3],72.1,1.7,0.5,73.7,0.9,0.0 [φ3],74.8,0.5,-0.4
2010,Feb,74.2,2.8,0.9,72.9,3.4,1.0,74.4,2.7,0.8,75.6,2.2,1.0
2010,Mar,73.9,2.0,-0.5,72.5,2.5,-0.5,74.0,1.9,-0.5,75.2,1.5,-0.5
2010,Apr,74.2,2.4,0.5,72.6,2.9,0.2,74.3,2.3,0.5,76.0,2.0,1.0
2010,May,74.1,2.5,-0.1,72.6,3.0,0.0 [φ3],74.2,2.4,-0.1,75.8,2.2,-0.3
2010,Jun,74.2,2.8,0.1,72.7,3.2,0.2,74.3,2.7,0.1,75.8,2.4,0.1
2010,Jul,72.5,1.3,-2.3,67.9,-0.8,-6.6,73.9,2.1,-0.6,76.0,2.6,0.3
2010,Aug,72.5,3.0,0.0 [φ3],67.9,3.6,0.0 [φ3],73.9,3.0,0.1,76.0,2.5,0.0 [φ3]
2010,Sep,72.8,2.6,0.3,68.4,3.2,0.7,74.0,2.5,0.2,76.1,2.0,0.1
2010,Oct,75.0,2.5,3.0,73.6,3.0,7.6,75.0,2.3,1.3,76.5,2.1,0.5
2010,Nov,75.2,2.8,0.4,73.8,3.3,0.3,75.3,2.5,0.4,76.8,2.5,0.5
2010,Dec,75.7,2.9,0.6,74.2,3.3,0.5,75.7,2.7,0.6,77.3,2.8,0.6
2011,Jan,76.1,3.4,0.5,74.7,3.6,0.7,76.1,3.2,0.5,77.5,3.5,0.3
2011,Feb,76.9,3.6,1.1,75.6,3.8,1.2,77.0,3.5,1.1,78.2,3.5,1.0
2011,Mar,77.1,4.4,0.3,76.0,4.8,0.5,77.1,4.2,0.2,78.4,4.2,0.1
2011,Apr,77.6,4.6,0.7,76.2,5.0,0.3,77.7,4.5,0.7,79.2,4.2,1.0
2011,May,78.0,5.2,0.5,76.7,5.6,0.6,78.1,5.2,0.5,79.5,4.9,0.4
2011,Jun,78.4,5.6,0.5,77.0,5.9,0.4,78.4,5.6,0.5,79.9,5.4,0.5
2011,Jul,78.3,7.9,-0.1,76.4,12.5,-0.7,78.5,6.2,0.0 [φ3],80.1,5.4,0.3
2011,Aug,76.7,5.7,-2.0,71.6,5.4,-6.3,78.2,5.8,-0.4,80.6,6.0,0.5
2011,Sep,77.0,5.8,0.4,72.0,5.2,0.5,78.4,6.0,0.3,80.8,6.3,0.3
2011,Oct,79.3,5.8,3.0,77.4,5.2,7.6,79.5,6.0,1.3,81.2,6.2,0.5
2011,Nov,79.5,5.7,0.3,77.7,5.3,0.3,79.8,6.0,0.4,81.4,5.9,0.2
2011,Dec,80.0,5.7,0.6,78.1,5.3,0.5,80.2,5.9,0.6,81.8,5.9,0.5
2012,Jan,80.7,6.1,0.9,78.8,5.4,0.9,81.0,6.3,0.9,82.4,6.4,0.8
2012,Feb,80.5,4.7,-0.2,78.8,4.2,0.1,80.8,4.9,-0.2,81.9,4.7,-0.6
2012,Mar,80.9,4.9,0.5,79.2,4.3,0.5,81.1,5.2,0.4,82.4,5.1,0.5
2012,Apr,81.3,4.7,0.5,79.4,4.2,0.3,81.6,5.0,0.6,83.0,4.9,0.8
2012,May,81.3,4.3,0.1,79.6,3.8,0.2,81.6,4.6,0.1,82.9,4.3,-0.1
2012,Jun,81.3,3.7,-0.1,79.5,3.3,-0.1,81.6,4.0,0.0 [φ3],82.9,3.7,0.0 [φ3]
2012,Jul,79.6,1.6,-2.1,74.6,-2.4,-6.2,81.2,3.5,-0.5,83.1,3.7,0.3
2012,Aug,79.6,3.7,0.0 [φ3],74.6,4.1,-0.1,81.2,3.8,0.0 [φ3],83.2,3.2,0.1
2012,Sep,79.9,3.8,0.4,75.0,4.3,0.7,81.5,3.9,0.3,83.5,3.3,0.3
2012,Oct,82.3,3.8,3.0,80.7,4.3,7.6,82.4,3.7,1.2,83.8,3.2,0.4
2012,Nov,82.5,3.7,0.3,80.9,4.2,0.3,82.7,3.6,0.3,84.0,3.3,0.3
2012,Dec,82.9,3.7,0.5,81.4,4.2,0.6,83.1,3.6,0.5,84.5,3.3,0.6
2013,Jan,83.1,3.0,0.2,81.8,3.8,0.5,83.2,2.8,0.2,84.4,2.4,-0.1
2013,Feb,84.0,4.4,1.1,82.5,4.7,0.9,84.2,4.2,1.1,85.4,4.2,1.2
2013,Mar,83.8,3.6,-0.2,82.4,4.0,-0.2,84.0,3.5,-0.2,85.2,3.4,-0.3
2013,Apr,84.6,4.0,0.9,83.2,4.7,0.9,84.7,3.8,0.8,86.0,3.5,0.9
2013,May,84.5,3.9,-0.1,83.1,4.4,-0.1,84.7,3.7,0.0 [φ3],85.9,3.6,-0.1
2013,Jun,84.6,4.1,0.1,83.2,4.6,0.2,84.8,3.9,0.2,86.0,3.7,0.1
2013,Jul,85.1,6.9,0.5,83.6,12.0,0.4,85.3,5.0,0.5,86.5,4.0,0.6
2013,Aug,83.2,4.5,-2.3,78.2,4.9,-6.4,84.8,4.4,-0.6,86.7,4.3,0.3
2013,Sep,83.6,4.6,0.5,78.8,5.1,0.8,85.1,4.5,0.4,87.0,4.2,0.2
2013,Oct,85.9,4.3,2.7,84.3,4.5,7.0,86.1,4.4,1.1,87.3,4.1,0.4
2013,Nov,86.1,4.3,0.3,84.5,4.4,0.2,86.3,4.4,0.3,87.6,4.2,0.3
2013,Dec,86.5,4.3,0.4,84.9,4.3,0.4,86.7,4.4,0.5,87.9,4.1,0.4
2014,Jan,86.9,4.6,0.5,85.4,4.5,0.6,87.2,4.8,0.6,88.3,4.5,0.4
2014,Feb,87.3,3.9,0.4,86.0,4.2,0.7,87.5,4.0,0.4,88.4,3.5,0.2
2014,Mar,87.1,3.9,-0.2,85.9,4.3,-0.1,87.3,3.9,-0.3,88.2,3.5,-0.3
2014,Apr,87.7,3.7,0.7,86.4,3.9,0.6,87.9,3.8,0.7,89.0,3.5,0.9
2014,May,87.6,3.7,-0.1,86.3,3.9,-0.1,87.8,3.7,-0.1,88.9,3.5,-0.1
2014,Jun,87.7,3.6,0.1,86.3,3.7,0.0 [φ3],87.9,3.6,0.1,88.9,3.5,0.1
2014,Jul,88.5,4.0,1.0,87.4,4.6,1.3,88.7,4.0,0.9,89.6,3.5,0.7
2014,Aug,86.5,3.9,-2.3,82.0,4.8,-6.2,88.0,3.8,-0.8,89.5,3.2,0.0 [φ3]
2014,Sep,89.1,6.6,3.1,88.6,12.3,8.0,89.1,4.7,1.3,89.6,3.1,0.1
2014,Oct,90.3,5.2,1.4,90.3,7.1,2.0,90.2,4.7,1.2,90.4,3.6,0.9
2014,Nov,90.5,5.1,0.2,90.5,7.2,0.3,90.3,4.6,0.2,90.6,3.4,0.2
2014,Dec,90.7,4.9,0.2,90.6,6.9,0.2,90.6,4.4,0.3,90.8,3.2,0.3
2015,Jan,90.4,4.1,-0.3,90.6,6.3,-0.1,90.4,3.6,-0.3,90.3,2.2,-0.5
2015,Feb,91.2,4.6,0.8,91.3,6.5,0.8,91.0,4.2,0.8,91.1,3.0,0.8
2015,Mar,90.9,4.5,-0.3,91.3,6.6,0.0 [φ3],90.8,4.1,-0.3,90.6,2.8,-0.5
2015,Apr,90.2,2.8,-0.8,89.8,3.9,-1.6,90.2,2.6,-0.7,90.6,1.9,-0.1
2015,May,90.2,3.0,0.0 [φ3],89.9,4.2,0.2,90.2,2.8,0.0 [φ3],90.5,2.0,0.0 [φ3]
2015,Jun,90.3,3.1,0.1,90.0,4.4,0.1,90.3,2.9,0.1,90.6,2.0,0.1
2015,Jul,90.8,2.5,0.5,90.3,3.4,0.3,90.7,2.4,0.5,91.2,1.8,0.6
2015,Aug,89.1,2.4,-1.8,85.7,3.0,-5.1,90.4,2.4,-0.3,91.2,1.8,0.0 [φ3]
2015,Sep,90.9,2.0,1.9,90.4,2.1,5.4,90.9,2.1,0.6,91.2,1.8,0.0 [φ3]
2015,Oct,92.3,2.3,1.6,92.5,2.5,2.3,92.3,2.3,1.5,92.2,1.9,1.0
2015,Nov,92.5,2.3,0.2,92.7,2.5,0.3,92.5,2.3,0.2,92.4,2.0,0.2
2015,Dec,92.8,2.4,0.3,93.0,2.6,0.2,92.7,2.4,0.3,92.7,2.1,0.4
2016,Jan,92.7,2.5,-0.1,93.1,2.8,0.2,92.6,2.5,-0.2,92.4,2.3,-0.4
2016,Feb,93.9,3.0,1.3,94.5,3.6,1.5,93.7,2.9,1.2,93.4,2.6,1.2
2016,Mar,93.5,2.9,-0.4,94.0,3.0,-0.5,93.4,2.8,-0.3,93.1,2.8,-0.3
2016,Apr,92.6,2.7,-1.0,92.5,3.0,-1.6,92.6,2.7,-0.8,92.7,2.4,-0.4
2016,May,92.5,2.6,-0.1,92.3,2.7,-0.2,92.6,2.7,0.0 [φ3],92.7,2.4,-0.1
2016,Jun,92.5,2.4,0.0 [φ3],92.3,2.5,0.0 [φ3],92.6,2.5,0.0 [φ3],92.6,2.2,0.0 [φ3]
2016,Jul,92.9,2.3,0.4,92.5,2.4,0.2,92.9,2.4,0.4,93.2,2.2,0.6
2016,Aug,93.0,4.3,0.1,92.6,8.0,0.1,93.1,3.0,0.2,93.3,2.3,0.1
2016,Sep,93.3,2.7,0.3,93.4,3.3,0.8,93.2,2.5,0.1,93.2,2.2,-0.1
2016,Oct,93.4,1.2,0.2,93.5,1.1,0.1,93.4,1.2,0.2,93.4,1.4,0.2
2016,Nov,93.7,1.2,0.3,93.9,1.2,0.4,93.6,1.2,0.2,93.6,1.3,0.2
2016,Dec,93.9,1.2,0.2,94.0,1.1,0.1,93.8,1.2,0.3,93.9,1.3,0.3
2017,Jan,93.9,1.3,0.0 [φ3],93.9,0.8,-0.1,93.8,1.3,0.0 [φ3],94.0,1.7,0.1
2017,Feb,93.8,-0.1,-0.1,94.0,-0.6,0.1,93.7,0.0 [φ3],-0.1,93.7,0.3,-0.3
2017,Mar,94.0,0.5,0.2,94.2,0.2,0.2,93.9,0.5,0.2,93.8,0.8,0.2
2017,Apr,94.5,2.0,0.6,94.6,2.2,0.4,94.4,1.9,0.6,94.5,2.0,0.7
2017,May,94.4,2.0,-0.1,94.5,2.3,-0.1,94.2,1.8,-0.2,94.4,1.9,-0.1
2017,Jun,94.3,1.9,-0.1,94.4,2.3,0.0 [φ3],94.2,1.8,-0.1,94.3,1.8,-0.2
2017,Jul,94.7,2.0,0.4,94.7,2.5,0.3,94.6,1.8,0.4,94.8,1.7,0.5
2017,Aug,94.8,1.9,0.1,94.8,2.4,0.1,94.7,1.7,0.1,94.9,1.8,0.2
2017,Sep,94.6,1.4,-0.2,94.7,1.5,-0.1,94.4,1.3,-0.3,94.5,1.4,-0.4
2017,Oct,94.9,1.5,0.3,95.0,1.6,0.3,94.7,1.4,0.3,94.9,1.5,0.4
2017,Nov,95.2,1.6,0.3,95.3,1.5,0.3,95.0,1.5,0.3,95.2,1.7,0.4
2017,Dec,95.5,1.7,0.4,95.5,1.7,0.2,95.4,1.6,0.4,95.7,1.9,0.5
2018,Jan,95.5,1.7,-0.1,95.7,2.0,0.2,95.3,1.6,-0.1,95.4,1.5,-0.3
2018,Feb,96.7,3.1,1.3,96.8,3.1,1.2,96.5,3.0,1.3,96.7,3.2,1.4
2018,Mar,96.4,2.6,-0.3,96.7,2.8,-0.1,96.2,2.5,-0.3,96.2,2.5,-0.5
2018,Apr,96.3,1.9,-0.1,96.6,2.2,-0.1,96.1,1.8,-0.1,96.2,1.7,0.0 [φ3]
2018,May,96.4,2.1,0.0 [φ3],96.7,2.3,0.0 [φ3],96.2,2.0,0.1,96.2,1.9,0.0 [φ3]
2018,Jun,96.6,2.4,0.2,96.9,2.6,0.2,96.4,2.3,0.2,96.4,2.2,0.2
2018,Jul,96.9,2.4,0.4,97.1,2.5,0.3,96.7,2.3,0.4,96.9,2.3,0.6
2018,Aug,97.0,2.3,0.0 [φ3],97.2,2.5,0.1,96.8,2.2,0.0 [φ3],96.8,2.0,-0.1
2018,Sep,97.2,2.7,0.2,97.9,3.3,0.7,96.8,2.5,0.0 [φ3],96.8,2.4,-0.1
2018,Oct,97.4,2.7,0.2,98.1,3.2,0.2,97.0,2.5,0.2,97.0,2.3,0.3
2018,Nov,97.6,2.6,0.2,98.1,3.0,0.1,97.2,2.4,0.2,97.4,2.3,0.4
2018,Dec,97.9,2.5,0.4,98.4,3.0,0.3,97.6,2.4,0.4,97.8,2.2,0.4
2019,Jan,97.8,2.4,-0.1,98.3,2.8,-0.1,97.5,2.3,-0.1,97.5,2.3,-0.3
2019,Feb,98.7,2.1,0.9,99.4,2.6,1.1,98.3,1.9,0.9,98.4,1.8,0.9
2019,Mar,98.4,2.1,-0.3,99.1,2.4,-0.3,98.1,1.9,-0.3,98.0,1.9,-0.4
2019,Apr,99.1,2.9,0.7,99.5,3.0,0.4,98.8,2.8,0.7,99.0,3.0,1.0
2019,May,99.0,2.8,-0.1,99.6,3.1,0.1,98.7,2.6,-0.1,98.7,2.7,-0.3
2019,Jun,99.7,3.3,0.7,100.7,3.9,1.0,99.3,3.0,0.6,99.1,2.9,0.4
2019,Jul,100.1,3.3,0.4,101.0,3.9,0.3,99.7,3.1,0.4,99.7,2.8,0.6
2019,Aug,100.3,3.5,0.2,101.2,4.1,0.2,99.9,3.2,0.2,99.8,3.0,0.1
2019,Sep,100.3,3.2,0.0 [φ3],101.3,3.5,0.1,99.8,3.1,-0.1,99.7,3.0,-0.1
2019,Oct,100.6,3.1,0.2,101.8,3.5,0.2,100.1,3.1,0.2,99.9,2.9,0.1
2019,Nov,100.7,3.0,0.1,101.8,3.5,0.0 [φ3],100.2,2.9,0.0 [φ3],99.9,2.5,0.1
2019,Dec,100.7,2.9,0.1,101.9,3.4,0.1,100.2,2.9,0.1,100.0,2.5,0.1
2020,Jan,98.5,1.4,-2.2,95.6,-2.0,-6.2,99.7,2.8,-0.5,100.3,3.4,0.3
2020,Feb,101.0,2.2,2.5,101.9,2.7,6.6,100.6,2.1,0.8,100.3,1.8,0.0 [φ3]
2020,Mar,100.9,2.3,0.0 [φ3],101.8,2.5,-0.2,100.6,2.3,0.0 [φ3],100.3,2.1,0.0 [φ3]
2020,Apr,101.0,1.9,0.1,101.8,2.3,0.1,100.6,1.9,0.1,100.4,1.5,0.1
2020,May,100.7,1.5,-0.3,101.5,1.7,-0.3,100.3,1.5,-0.3,100.2,1.2,-0.2
2020,Jun,100.6,0.7,-0.1,101.4,0.6,-0.1,100.3,0.8,-0.1,100.0,0.7,-0.1
2020,Jul,97.7,-2.3,-2.8,94.8,-6.0,-6.5,98.9,-0.7,-1.3,99.5,-0.1,-0.5
2020,Aug,99.9,-0.4,2.2,100.7,-0.6,6.2,99.5,-0.4,0.5,99.4,-0.1,-0.1
2020,Sep,97.8,-2.2,-2.0,94.9,-5.9,-5.8,99.0,-0.7,-0.4,99.7,0.0 [φ3],0.3
2020,Oct,100.2,-0.4,2.5,101.3,-0.5,6.7,99.7,-0.4,0.7,99.7,-0.1,0.1
2020,Nov,100.3,-0.3,0.1,101.4,-0.4,0.2,99.7,-0.4,0.0 [φ3],99.8,-0.1,0.1
2020,Dec,99.8,-1.0,-0.6,100.6,-1.3,-0.8,99.2,-1.0,-0.5,99.5,-0.6,-0.3
2021,Jan,101.1,2.6,1.3,102.8,7.5,2.1,100.3,0.6,1.1,100.2,-0.2,0.7
2021,Feb,101.4,0.5,0.3,103.3,1.3,0.5,100.7,0.1,0.3,100.3,0.0 [φ3],0.2
2021,Mar,101.5,0.6,0.1,103.2,1.5,0.0 [φ3],100.7,0.2,0.1,100.5,0.1,0.2
2021,Apr,101.8,0.8,0.2,103.5,1.6,0.2,101.0,0.3,0.2,100.8,0.4,0.3
2021,May,101.6,1.0,-0.1,103.4,1.9,-0.1,100.8,0.5,-0.1,100.6,0.5,-0.1
2021,Jun,101.3,0.7,-0.3,102.8,1.3,-0.6,100.6,0.3,-0.2,100.5,0.5,-0.1
2021,Jul,101.4,3.7,0.1,102.8,8.4,0.0 [φ3],100.6,1.7,0.1,100.7,1.1,0.2
2021,Aug,101.5,1.6,0.1,102.9,2.2,0.1,100.7,1.3,0.1,100.8,1.4,0.1
2021,Sep,99.2,1.4,-2.3,96.4,1.6,-6.3,100.2,1.2,-0.5,101.0,1.3,0.2
2021,Oct,102.0,1.7,2.9,103.4,2.1,7.2,101.3,1.6,1.1,101.3,1.5,0.3
2021,Nov,102.2,1.8,0.2,103.7,2.2,0.3,101.4,1.7,0.1,101.3,1.5,0.1
2021,Dec,102.2,2.4,0.0 [φ3],103.7,3.0,0.0 [φ3],101.4,2.2,0.0 [φ3],101.4,2.0,0.1
2022,Jan,102.3,1.2,0.2,103.9,1.1,0.2,101.6,1.2,0.2,101.6,1.4,0.2
2022,Feb,103.1,1.6,0.7,104.9,1.6,1.0,102.3,1.6,0.7,102.0,1.7,0.4
2022,Mar,103.3,1.7,0.2,105.1,1.8,0.1,102.4,1.7,0.2,102.3,1.8,0.2
2022,Apr,103.1,1.3,-0.2,104.6,1.1,-0.4,102.3,1.3,-0.2,102.4,1.6,0.1
2022,May,102.9,1.2,-0.2,104.3,0.8,-0.3,102.1,1.3,-0.2,102.3,1.6,-0.1
2022,Jun,103.2,1.8,0.3,104.6,1.8,0.4,102.3,1.7,0.2,102.5,2.0,0.2
2022,Jul,103.3,1.9,0.2,104.8,1.9,0.2,102.5,1.8,0.1,102.7,2.0,0.2
2022,Aug,103.4,1.9,0.0 [φ3],104.8,1.9,0.0 [φ3],102.5,1.8,0.0 [φ3],102.7,1.9,0.1
2022,Sep,103.5,4.4,0.1,105.0,8.9,0.2,102.7,2.4,0.2,102.9,1.9,0.1
2022,Oct,103.8,1.8,0.3,105.4,2.0,0.4,103.0,1.7,0.4,103.1,1.8,0.2
2022,Nov,104.0,1.8,0.1,105.5,1.8,0.1,103.1,1.7,0.1,103.2,1.8,0.1
2022,Dec,104.2,2.0,0.3,105.8,2.1,0.3,103.3,1.9,0.2,103.5,2.0,0.3
2023,Jan,104.8,2.4,0.6,106.6,2.6,0.7,103.9,2.3,0.5,104.0,2.4,0.5
2023,Feb,104.9,1.7,0.0 [φ3],106.7,1.7,0.1,103.9,1.6,0.0 [φ3],103.9,1.8,-0.1
2023,Mar,105.0,1.7,0.2,106.8,1.7,0.1,104.1,1.6,0.2,104.2,1.9,0.3
2023,Apr,105.2,2.1,0.2,107.0,2.2,0.1,104.3,2.0,0.2,104.5,2.1,0.3
2023,May,105.0,2.0,-0.3,106.6,2.2,-0.4,104.1,1.9,-0.2,104.3,2.0,-0.2
2023,Jun,105.2,1.9,0.2,106.8,2.1,0.3,104.2,1.9,0.2,104.4,1.8,0.1
2023,Jul,105.2,1.8,0.0 [φ3],106.8,1.9,0.0 [φ3],104.3,1.8,0.0 [φ3],104.5,1.8,0.1
2023,Aug,105.2,1.8,0.0 [φ3],106.7,1.8,-0.1,104.3,1.7,0.0 [φ3],104.6,1.8,0.1
2023,Sep,105.6,2.0,0.4,107.2,2.1,0.4,104.7,2.0,0.4,105.0,2.1,0.4
2023,Oct,106.7,2.7,1.0,108.8,3.2,1.5,105.6,2.5,0.9,105.6,2.4,0.6
2023,Nov,106.6,2.6,0.0 [φ3],108.7,3.0,-0.1,105.6,2.4,0.0 [φ3],105.6,2.4,0.0 [φ3]
2023,Dec,106.7,2.4,0.1,108.7,2.7,0.0 [φ3],105.6,2.2,0.0 [φ3],105.8,2.3,0.2
2024,Jan,106.6,1.7,-0.1,108.8,2.0,0.1,105.6,1.6,-0.1,105.6,1.5,-0.2
2024,Feb,107.1,2.1,0.4,109.2,2.3,0.4,106.0,2.0,0.4,106.0,2.0,0.4
2024,Mar,107.1,2.0,0.0 [φ3],109.3,2.3,0.1,106.0,1.9,0.1,106.0,1.7,0.0 [φ3]
2024,Apr,106.4,1.1,-0.7,108.2,1.1,-1.1,105.4,1.0,-0.6,105.6,1.1,-0.4
2024,May,106.2,1.2,-0.2,107.9,1.2,-0.3,105.2,1.1,-0.1,105.5,1.2,-0.1
2024,Jun,106.7,1.5,0.5,108.7,1.7,0.8,105.6,1.3,0.4,105.8,1.3,0.2
2024,Jul,107.8,2.5,1.0,110.1,3.1,1.3,106.6,2.3,0.9,106.7,2.0,0.8
2024,Aug,107.8,2.5,0.0 [φ3],110.2,3.2,0.1,106.6,2.2,0.0 [φ3],106.6,1.9,-0.1
2024,Sep,107.9,2.2,0.1,110.3,2.9,0.1,106.8,2.0,0.1,106.7,1.6,0.1
2024,Oct,108.1,1.4,0.2,110.5,1.6,0.1,107.0,1.3,0.2,106.9,1.2,0.2
2024,Nov,108.1,1.4,0.0 [φ3],110.5,1.7,0.0 [φ3],106.9,1.3,0.0 [φ3],106.8,1.1,-0.1
2024,Dec,108.2,1.4,0.1,110.6,1.7,0.0 [φ3],107.1,1.4,0.1,107.1,1.2,0.3
2025,Jan,108.7,2.0,0.4,111.4,2.5,0.8,107.4,1.7,0.3,107.3,1.7,0.2
2025,Feb,108.6,1.4,-0.1,111.5,2.0,0.0 [φ3],107.3,1.2,-0.1,107.1,1.0,-0.2
2025,Mar,108.6,1.4,0.0 [φ3],111.5,2.0,0.0 [φ3],107.3,1.2,0.0 [φ3],107.0,1.0,-0.1
2025,Apr,108.5,2.0,-0.1,111.0,2.6,-0.5,107.3,1.8,0.0 [φ3],107.3,1.6,0.3
2025,May,108.2,1.9,-0.3,110.8,2.8,-0.1,107.0,1.6,-0.3,106.8,1.2,-0.5
2025,Jun,108.3,1.4,0.0 [φ3],110.9,2.1,0.1,107.0,1.3,0.0 [φ3],106.8,0.9,0.0 [φ3]
2025,Jul,108.9,1.0,0.6,111.7,1.5,0.7,107.6,0.9,0.5,107.4,0.6,0.5
2025,Aug,109.0,1.1,0.1,111.8,1.5,0.1,107.7,1.0,0.1,107.5,0.9,0.2
2025,Sep,109.1,1.1,0.1,111.9,1.5,0.1,107.8,0.9,0.1,107.5,0.8,0.0 [φ3]
2025,Oct,109.4,1.2,0.3,112.1,1.4,0.1,108.1,1.1,0.3,108.0,1.0,0.4
2025,Nov,109.4,1.2,0.0 [φ3],112.1,1.5,0.0 [φ3],108.1,1.1,0.0 [φ3],108.0,1.1,0.0 [φ3]
2025,Dec,109.8,1.4,0.3,112.2,1.5,0.1,108.5,1.3,0.3,108.6,1.4,0.6
 ,,,,,,,,,,,,,
Note(s):,,,,,,,,,,,,,
Four series of Consumer Price Indices (CPIs) are compiled to reflect the impact of consumer price changes on households in different expenditure ranges.,,,,,,,,,,,,,
"The CPI(A), CPI(B) and CPI(C) are compiled based on the expenditure patterns of households in the relatively low, medium and relatively high expenditure ranges. By aggregating the expenditure patterns of all households covered by the above three indices, a Composite CPI is also compiled to reflect the impact of consumer price changes on the household sector as a whole. The year-on-year rate of change in this index is generally taken to reflect overall consumer price inflation.",,,,,,,,,,,,,
"The CPI(A), CPI(B) and CPI(C) respectively cover some 50%, 30% and 10% of households in Hong Kong. The average monthly household expenditures (in HK$) of these groups during the base period (i.e. October 2019 - September 2020) were $6,500 - $27,999, $28,000 - $48,499 and $48,500 - $91,999 respectively. Taking into account the impact of price changes since the base period, the monthly household expenditure ranges of the CPI(A), CPI(B) and CPI(C) at 2025 prices are broadly equivalent to $7,000 - $29,800, $29,800 - $51,500 and $51,500 - $98,000 respectively, and that of the Composite CPI is broadly equivalent to $7,000 - $98,000. These expenditure ranges will be updated in mid-2026, based on the results of the 2024/25 Household Expenditure Survey.",,,,,,,,,,,,,
Percentage changes are derived from rounded indices of more than 1 decimal place.,,,,,,,,,,,,,
"The year-on-year rates of change before October 2020 were derived using the index series in the base periods at that time (for instance the 2014/15-based index series), compared with the index a year earlier in the same base period.",,,,,,,,,,,,,
"The month-to-month rates of change before November 2019 were derived using the index series in the base periods at that time (for instance the 2014/15-based index series), compared with the index a month earlier in the same base period.",,,,,,,,,,,,,
N.A. Not available,,,,,,,,,,,,,
[φ3] Figure denotes increase or decrease of less than 0.05%.,,,,,,,,,,,,,
 ,,,,,,,,,,,,,
Source:,,,,,,,,,,,,,
Monthly Retail Price Survey,,,,,,,,,,,,,
"Consumer Price Index Section,",,,,,,,,,,,,,
Census and Statistics Department,,,,,,,,,,,,,
(Enquiry telephone no. : 3903 7374,,,,,,,,,,,,,
Enquiry e-mail : cpi@censtatd.gov.hk),,,,,,,,,,,,,
 ,,,,,,,,,,,,,
"Release Date: 22 January, 2026",,,,,,,,,,,,,
